file_name,rmse,mae,total_epochs_run,best_epoch,early_stop_epoch,model_type,target_col,used_log_target,all_feature_cols,scale,n_estimators,learning_rate,max_depth,horizon,target_lags,target_mas,feature_lags,step_size
gb_20260412_003926_test_metrics.csv,662.5209646280871,478.1699973726113,,,,GradientBoosting,LOG_TOTALDEMAND,True,"['TEMPERATURE', 'TEMP_SQUARED', 'HOUR', 'DAYOFWEEK', 'IS_WEEKEND', 'LOG_TOTALDEMAND_lag_1', 'LOG_TOTALDEMAND_lag_2', 'LOG_TOTALDEMAND_lag_3', 'LOG_TOTALDEMAND_lag_48', 'LOG_TOTALDEMAND_lag_96', 'LOG_TOTALDEMAND_ma_6', 'LOG_TOTALDEMAND_ma_48']",True,100,0.1,3,48,"[1, 2, 3, 48, 96]","[6, 48]",[],48
gb_20260412_004307_test_metrics.csv,793.2577448262563,594.6594210307713,,,,GradientBoosting,LOG_TOTALDEMAND,True,"['TEMPERATURE', 'TEMP_SQUARED', 'HOUR', 'DAYOFWEEK', 'IS_WEEKEND', 'LOG_TOTALDEMAND_lag_1', 'LOG_TOTALDEMAND_lag_2', 'LOG_TOTALDEMAND_lag_3', 'LOG_TOTALDEMAND_lag_48', 'LOG_TOTALDEMAND_lag_96', 'LOG_TOTALDEMAND_ma_6', 'LOG_TOTALDEMAND_ma_48']",True,100,0.1,3,336,"[1, 2, 3, 48, 96]","[6, 48]",[],48
gb_20260412_010149_test_metrics.csv,820.5169934320688,621.9628196886731,,,,GradientBoosting,LOG_TOTALDEMAND,True,"['TEMPERATURE', 'TEMP_SQUARED', 'HOUR', 'DAYOFWEEK', 'IS_WEEKEND', 'LOG_TOTALDEMAND_lag_1', 'LOG_TOTALDEMAND_lag_2', 'LOG_TOTALDEMAND_lag_3', 'LOG_TOTALDEMAND_lag_48', 'LOG_TOTALDEMAND_lag_96', 'LOG_TOTALDEMAND_ma_6', 'LOG_TOTALDEMAND_ma_48']",True,100,0.1,3,720,"[1, 2, 3, 48, 96]","[6, 48]",[],48
gb_20260412_014018_test_metrics.csv,597.0265909291089,428.3485941806157,,,,GradientBoosting,LOG_TOTALDEMAND,True,"['TEMPERATURE', 'TEMP_SQUARED', 'HOUR', 'DAYOFWEEK', 'IS_WEEKEND', 'LOG_TOTALDEMAND_lag_1', 'LOG_TOTALDEMAND_lag_2', 'LOG_TOTALDEMAND_lag_3', 'LOG_TOTALDEMAND_lag_48', 'LOG_TOTALDEMAND_lag_96', 'LOG_TOTALDEMAND_ma_6', 'LOG_TOTALDEMAND_ma_48']",True,200,0.1,3,48,"[1, 2, 3, 48, 96]","[6, 48]",[],48
gb_20260412_014420_test_metrics.csv,732.8207399943938,539.7600794161658,,,,GradientBoosting,LOG_TOTALDEMAND,True,"['TEMPERATURE', 'TEMP_SQUARED', 'HOUR', 'DAYOFWEEK', 'IS_WEEKEND', 'LOG_TOTALDEMAND_lag_1', 'LOG_TOTALDEMAND_lag_2', 'LOG_TOTALDEMAND_lag_3', 'LOG_TOTALDEMAND_lag_48', 'LOG_TOTALDEMAND_lag_96', 'LOG_TOTALDEMAND_ma_6', 'LOG_TOTALDEMAND_ma_48']",True,200,0.1,3,336,"[1, 2, 3, 48, 96]","[6, 48]",[],48
gb_20260412_020342_test_metrics.csv,765.0091405103859,568.0402725769761,,,,GradientBoosting,LOG_TOTALDEMAND,True,"['TEMPERATURE', 'TEMP_SQUARED', 'HOUR', 'DAYOFWEEK', 'IS_WEEKEND', 'LOG_TOTALDEMAND_lag_1', 'LOG_TOTALDEMAND_lag_2', 'LOG_TOTALDEMAND_lag_3', 'LOG_TOTALDEMAND_lag_48', 'LOG_TOTALDEMAND_lag_96', 'LOG_TOTALDEMAND_ma_6', 'LOG_TOTALDEMAND_ma_48']",True,200,0.1,3,720,"[1, 2, 3, 48, 96]","[6, 48]",[],48
gb_20260412_024224_test_metrics.csv,580.5077933787481,414.98971407565233,,,,GradientBoosting,LOG_TOTALDEMAND,True,"['TEMPERATURE', 'TEMP_SQUARED', 'HOUR', 'DAYOFWEEK', 'IS_WEEKEND', 'LOG_TOTALDEMAND_lag_1', 'LOG_TOTALDEMAND_lag_2', 'LOG_TOTALDEMAND_lag_3', 'LOG_TOTALDEMAND_lag_48', 'LOG_TOTALDEMAND_lag_96', 'LOG_TOTALDEMAND_ma_6', 'LOG_TOTALDEMAND_ma_48']",True,300,0.1,3,48,"[1, 2, 3, 48, 96]","[6, 48]",[],48
gb_20260412_024651_test_metrics.csv,710.9686824998724,519.5411228949077,,,,GradientBoosting,LOG_TOTALDEMAND,True,"['TEMPERATURE', 'TEMP_SQUARED', 'HOUR', 'DAYOFWEEK', 'IS_WEEKEND', 'LOG_TOTALDEMAND_lag_1', 'LOG_TOTALDEMAND_lag_2', 'LOG_TOTALDEMAND_lag_3', 'LOG_TOTALDEMAND_lag_48', 'LOG_TOTALDEMAND_lag_96', 'LOG_TOTALDEMAND_ma_6', 'LOG_TOTALDEMAND_ma_48']",True,300,0.1,3,336,"[1, 2, 3, 48, 96]","[6, 48]",[],48
gb_20260412_030529_test_metrics.csv,749.0281074556965,550.8771848490208,,,,GradientBoosting,LOG_TOTALDEMAND,True,"['TEMPERATURE', 'TEMP_SQUARED', 'HOUR', 'DAYOFWEEK', 'IS_WEEKEND', 'LOG_TOTALDEMAND_lag_1', 'LOG_TOTALDEMAND_lag_2', 'LOG_TOTALDEMAND_lag_3', 'LOG_TOTALDEMAND_lag_48', 'LOG_TOTALDEMAND_lag_96', 'LOG_TOTALDEMAND_ma_6', 'LOG_TOTALDEMAND_ma_48']",True,300,0.1,3,720,"[1, 2, 3, 48, 96]","[6, 48]",[],48
gb_20260412_034352_test_metrics.csv,562.7181263042854,399.9307140012832,,,,GradientBoosting,LOG_TOTALDEMAND,True,"['TEMPERATURE', 'TEMP_SQUARED', 'HOUR', 'DAYOFWEEK', 'IS_WEEKEND', 'LOG_TOTALDEMAND_lag_1', 'LOG_TOTALDEMAND_lag_2', 'LOG_TOTALDEMAND_lag_3', 'LOG_TOTALDEMAND_lag_48', 'LOG_TOTALDEMAND_lag_96', 'LOG_TOTALDEMAND_ma_6', 'LOG_TOTALDEMAND_ma_48']",True,600,0.1,3,48,"[1, 2, 3, 48, 96]","[6, 48]",[],48
gb_20260412_035020_test_metrics.csv,695.6127689321199,502.7072008074712,,,,GradientBoosting,LOG_TOTALDEMAND,True,"['TEMPERATURE', 'TEMP_SQUARED', 'HOUR', 'DAYOFWEEK', 'IS_WEEKEND', 'LOG_TOTALDEMAND_lag_1', 'LOG_TOTALDEMAND_lag_2', 'LOG_TOTALDEMAND_lag_3', 'LOG_TOTALDEMAND_lag_48', 'LOG_TOTALDEMAND_lag_96', 'LOG_TOTALDEMAND_ma_6', 'LOG_TOTALDEMAND_ma_48']",True,600,0.1,3,336,"[1, 2, 3, 48, 96]","[6, 48]",[],48
gb_20260412_041250_test_metrics.csv,737.6548490227959,535.4345797331251,,,,GradientBoosting,LOG_TOTALDEMAND,True,"['TEMPERATURE', 'TEMP_SQUARED', 'HOUR', 'DAYOFWEEK', 'IS_WEEKEND', 'LOG_TOTALDEMAND_lag_1', 'LOG_TOTALDEMAND_lag_2', 'LOG_TOTALDEMAND_lag_3', 'LOG_TOTALDEMAND_lag_48', 'LOG_TOTALDEMAND_lag_96', 'LOG_TOTALDEMAND_ma_6', 'LOG_TOTALDEMAND_ma_48']",True,600,0.1,3,720,"[1, 2, 3, 48, 96]","[6, 48]",[],48
gb_20260412_045457_test_metrics.csv,558.2008735566757,393.5131942504778,,,,GradientBoosting,LOG_TOTALDEMAND,True,"['TEMPERATURE', 'TEMP_SQUARED', 'HOUR', 'DAYOFWEEK', 'IS_WEEKEND', 'LOG_TOTALDEMAND_lag_1', 'LOG_TOTALDEMAND_lag_2', 'LOG_TOTALDEMAND_lag_3', 'LOG_TOTALDEMAND_lag_48', 'LOG_TOTALDEMAND_lag_96', 'LOG_TOTALDEMAND_ma_6', 'LOG_TOTALDEMAND_ma_48']",True,1000,0.1,3,48,"[1, 2, 3, 48, 96]","[6, 48]",[],48
gb_20260412_050342_test_metrics.csv,698.2148811283106,499.3068943707681,,,,GradientBoosting,LOG_TOTALDEMAND,True,"['TEMPERATURE', 'TEMP_SQUARED', 'HOUR', 'DAYOFWEEK', 'IS_WEEKEND', 'LOG_TOTALDEMAND_lag_1', 'LOG_TOTALDEMAND_lag_2', 'LOG_TOTALDEMAND_lag_3', 'LOG_TOTALDEMAND_lag_48', 'LOG_TOTALDEMAND_lag_96', 'LOG_TOTALDEMAND_ma_6', 'LOG_TOTALDEMAND_ma_48']",True,1000,0.1,3,336,"[1, 2, 3, 48, 96]","[6, 48]",[],48
gb_20260412_053015_test_metrics.csv,743.5486544355509,532.932576594042,,,,GradientBoosting,LOG_TOTALDEMAND,True,"['TEMPERATURE', 'TEMP_SQUARED', 'HOUR', 'DAYOFWEEK', 'IS_WEEKEND', 'LOG_TOTALDEMAND_lag_1', 'LOG_TOTALDEMAND_lag_2', 'LOG_TOTALDEMAND_lag_3', 'LOG_TOTALDEMAND_lag_48', 'LOG_TOTALDEMAND_lag_96', 'LOG_TOTALDEMAND_ma_6', 'LOG_TOTALDEMAND_ma_48']",True,1000,0.1,3,720,"[1, 2, 3, 48, 96]","[6, 48]",[],48
gb_20260412_061943_test_metrics.csv,560.3554086051727,394.0034730678568,,,,GradientBoosting,LOG_TOTALDEMAND,True,"['TEMPERATURE', 'TEMP_SQUARED', 'HOUR', 'DAYOFWEEK', 'IS_WEEKEND', 'LOG_TOTALDEMAND_lag_1', 'LOG_TOTALDEMAND_lag_2', 'LOG_TOTALDEMAND_lag_3', 'LOG_TOTALDEMAND_lag_48', 'LOG_TOTALDEMAND_lag_96', 'LOG_TOTALDEMAND_ma_6', 'LOG_TOTALDEMAND_ma_48']",True,1500,0.1,3,48,"[1, 2, 3, 48, 96]","[6, 48]",[],48
gb_20260412_063148_test_metrics.csv,696.3132660685192,495.8777346384114,,,,GradientBoosting,LOG_TOTALDEMAND,True,"['TEMPERATURE', 'TEMP_SQUARED', 'HOUR', 'DAYOFWEEK', 'IS_WEEKEND', 'LOG_TOTALDEMAND_lag_1', 'LOG_TOTALDEMAND_lag_2', 'LOG_TOTALDEMAND_lag_3', 'LOG_TOTALDEMAND_lag_48', 'LOG_TOTALDEMAND_lag_96', 'LOG_TOTALDEMAND_ma_6', 'LOG_TOTALDEMAND_ma_48']",True,1500,0.1,3,336,"[1, 2, 3, 48, 96]","[6, 48]",[],48
gb_20260412_070228_test_metrics.csv,747.1204081501722,532.7373295484626,,,,GradientBoosting,LOG_TOTALDEMAND,True,"['TEMPERATURE', 'TEMP_SQUARED', 'HOUR', 'DAYOFWEEK', 'IS_WEEKEND', 'LOG_TOTALDEMAND_lag_1', 'LOG_TOTALDEMAND_lag_2', 'LOG_TOTALDEMAND_lag_3', 'LOG_TOTALDEMAND_lag_48', 'LOG_TOTALDEMAND_lag_96', 'LOG_TOTALDEMAND_ma_6', 'LOG_TOTALDEMAND_ma_48']",True,1500,0.1,3,720,"[1, 2, 3, 48, 96]","[6, 48]",[],48
